"Iter.","Eval.","Best","Time m:s"
0,10,1.84336113265963664e+00,6.814659519121051
1,20,1.84336113265963664e+00,17.07576966844499
2,30,1.84336113265963664e+00,24.004576003178954
3,40,1.84336113265963664e+00,29.64744338206947
20,210,1.79079158934153071e+00,136.26972676441073
40,410,1.78393001385858785e+00,241.00242668017745
60,610,1.77221875371054427e+00,341.02837078645825
80,810,1.77221875371054427e+00,428.3878754992038
100,1010,1.75391276403610341e+00,518.4880355000496
