"Iter.","Eval.","Best","Time m:s"
0,9,1.78856495646774556e+03,2.5762550234794617
1,16,1.41998155687813801e+03,6.8263277895748615
2,24,1.10853274943130850e+03,9.030439864844084
3,31,8.69246636193675158e+02,11.86099767126143
20,147,1.64404271458129037e+00,59.098004600033164
40,315,1.53855006993352195e+00,126.88881351798773
60,484,1.52452933694979720e+00,181.64206376299262
